{
  "artifact_tables": {
    "curves": "results/tables/nk_budget_curves.csv",
    "latency_effect_ci": "results/tables/nk_budget_latency_effect_ci.csv",
    "phase": "results/tables/nk_budget_phase.csv",
    "seed_aggregate": "results/tables/nk_budget_seed_aggregate.csv"
  },
  "best_latency_adjusted": {
    "B": 64.0,
    "B_ci_high": 64.0,
    "B_ci_low": 64.0,
    "B_se": 0.0,
    "K": 4.0,
    "N": 16.0,
    "latency_adjusted_utility": -0.6630043479355051,
    "latency_adjusted_utility_ci_high": -0.549076018085506,
    "latency_adjusted_utility_ci_low": -0.7769326777855042,
    "latency_adjusted_utility_se": 0.05812776701442031,
    "n_rows": 5.0,
    "real_utility": -0.4390043479355052,
    "real_utility_ci_high": -0.325076018085506,
    "real_utility_ci_low": -0.5529326777855044,
    "real_utility_se": 0.05812776701442032,
    "utility_per_diffusion_step": -0.006859442936492269,
    "utility_per_diffusion_step_ci_high": -0.0050793127825860315,
    "utility_per_diffusion_step_ci_low": -0.008639573090398506,
    "utility_per_diffusion_step_se": 0.0009082463596003175
  },
  "best_real": {
    "B": 256.0,
    "B_ci_high": 256.0,
    "B_ci_low": 256.0,
    "B_se": 0.0,
    "K": 8.0,
    "N": 32.0,
    "latency_adjusted_utility": -1.2285543951766535,
    "latency_adjusted_utility_ci_high": -1.1659186259554486,
    "latency_adjusted_utility_ci_low": -1.2911901643978585,
    "latency_adjusted_utility_se": 0.03195761234148583,
    "n_rows": 5.0,
    "real_utility": -0.33255439517665353,
    "real_utility_ci_high": -0.2699186259554486,
    "real_utility_ci_low": -0.3951901643978585,
    "real_utility_se": 0.03195761234148584,
    "utility_per_diffusion_step": -0.0012990406061588028,
    "utility_per_diffusion_step_ci_high": -0.001054369632638471,
    "utility_per_diffusion_step_ci_low": -0.0015437115796791347,
    "utility_per_diffusion_step_se": 0.00012483442320892907
  },
  "high_budget_corner": {
    "B": 1024.0,
    "B_ci_high": 1024.0,
    "B_ci_low": 1024.0,
    "B_se": 0.0,
    "K": 32.0,
    "N": 32.0,
    "latency_adjusted_utility": -4.003024189463645,
    "latency_adjusted_utility_ci_high": -3.8596639848888397,
    "latency_adjusted_utility_ci_low": -4.14638439403845,
    "latency_adjusted_utility_se": 0.07314430556153692,
    "n_rows": 5.0,
    "real_utility": -0.41902418946364506,
    "real_utility_ci_high": -0.2756639848888399,
    "real_utility_ci_low": -0.5623843940384502,
    "real_utility_se": 0.07314430556153695,
    "utility_per_diffusion_step": -0.0004092033100230909,
    "utility_per_diffusion_step_ci_high": -0.00026920311024300773,
    "utility_per_diffusion_step_ci_low": -0.000549203509803174,
    "utility_per_diffusion_step_se": 7.142998589993843e-05
  },
  "k_grid": [
    2,
    4,
    8,
    16,
    32
  ],
  "lambda_cost": 0.0035,
  "latency_best_differs_from_real_best": true,
  "latency_best_minus_high_budget_ci": {
    "ci_high": 3.4670093774508084,
    "ci_low": 3.2305927068089977,
    "confidence": 0.95,
    "mean": 3.3400198415281395,
    "n": 5,
    "se": 0.06730531307302384
  },
  "latency_prefers_smaller_budget_than_max": true,
  "n_grid": [
    1,
    2,
    4,
    8,
    16,
    32
  ]
}
