{
  "artifact_tables": {
    "curves": "results/tables/nk_budget_curves.csv",
    "latency_effect_ci": "results/tables/nk_budget_latency_effect_ci.csv",
    "phase": "results/tables/nk_budget_phase.csv",
    "seed_aggregate": "results/tables/nk_budget_seed_aggregate.csv"
  },
  "best_latency_adjusted": {
    "B": 64.0,
    "B_ci_high": 64.0,
    "B_ci_low": 64.0,
    "B_se": 0.0,
    "K": 2.0,
    "N": 32.0,
    "latency_adjusted_utility": -0.6227246517437788,
    "latency_adjusted_utility_ci_high": -0.5645918017623358,
    "latency_adjusted_utility_ci_low": -0.6808575017252217,
    "latency_adjusted_utility_se": 0.02966016234991433,
    "n_rows": 16.0,
    "real_utility": -0.3987246517437789,
    "real_utility_ci_high": -0.34059180176233594,
    "real_utility_ci_low": -0.4568575017252219,
    "real_utility_se": 0.029660162349914334,
    "utility_per_diffusion_step": -0.0062300726834965455,
    "utility_per_diffusion_step_ci_high": -0.005321746902536499,
    "utility_per_diffusion_step_ci_low": -0.007138398464456592,
    "utility_per_diffusion_step_se": 0.00046344003671741147
  },
  "best_real": {
    "B": 512.0,
    "B_ci_high": 512.0,
    "B_ci_low": 512.0,
    "B_se": 0.0,
    "K": 16.0,
    "N": 32.0,
    "latency_adjusted_utility": -2.091209998533351,
    "latency_adjusted_utility_ci_high": -2.0558356334784316,
    "latency_adjusted_utility_ci_low": -2.126584363588271,
    "latency_adjusted_utility_se": 0.01804847708118517,
    "n_rows": 16.0,
    "real_utility": -0.29920999853335106,
    "real_utility_ci_high": -0.26383563347843153,
    "real_utility_ci_low": -0.3345843635882706,
    "real_utility_se": 0.01804847708118518,
    "utility_per_diffusion_step": -0.0005843945283854513,
    "utility_per_diffusion_step_ci_high": -0.0005153039716375616,
    "utility_per_diffusion_step_ci_low": -0.000653485085133341,
    "utility_per_diffusion_step_se": 3.5250931799189805e-05
  },
  "high_budget_corner": {
    "B": 1024.0,
    "B_ci_high": 1024.0,
    "B_ci_low": 1024.0,
    "B_se": 0.0,
    "K": 32.0,
    "N": 32.0,
    "latency_adjusted_utility": -3.9345595731114402,
    "latency_adjusted_utility_ci_high": -3.8770150323052723,
    "latency_adjusted_utility_ci_low": -3.992104113917608,
    "latency_adjusted_utility_se": 0.02935999909185663,
    "n_rows": 16.0,
    "real_utility": -0.3505595731114403,
    "real_utility_ci_high": -0.2930150323052726,
    "real_utility_ci_low": -0.40810411391760804,
    "real_utility_se": 0.02935999909185665,
    "utility_per_diffusion_step": -0.00034234333311664093,
    "utility_per_diffusion_step_ci_high": -0.00028614749248561777,
    "utility_per_diffusion_step_ci_low": -0.0003985391737476641,
    "utility_per_diffusion_step_se": 2.8671874113141258e-05
  },
  "k_grid": [
    2,
    4,
    8,
    16,
    32
  ],
  "lambda_cost": 0.0035,
  "latency_best_differs_from_real_best": true,
  "latency_best_minus_high_budget_ci": {
    "ci_high": 3.398239184413892,
    "ci_low": 3.2296549507931656,
    "confidence": 0.95,
    "mean": 3.3118349213676614,
    "n": 16,
    "se": 0.04471776244135229
  },
  "latency_prefers_smaller_budget_than_max": true,
  "n_grid": [
    1,
    2,
    4,
    8,
    16,
    32
  ]
}
